{
  "formatVersion": 1,
  "database": {
    "version": 2,
    "identityHash": "6b7284c8eadd9e7a0d0855b976c06771",
    "entities": [
      {
        "tableName": "plants",
        "createSql": "CREATE TABLE IF NOT EXISTS `${TABLE_NAME}` (`id` INTEGER PRIMARY KEY AUTOINCREMENT NOT NULL, `name` TEXT, `description` TEXT, `imagePath` TEXT, `lastWateredDate` INTEGER, `wateringIntervalDays` INTEGER NOT NULL, `notificationTime` TEXT)",
        "fields": [
          {
            "fieldPath": "id",
            "columnName": "id",
            "affinity": "INTEGER",
            "notNull": true
          },
          {
            "fieldPath": "name",
            "columnName": "name",
            "affinity": "TEXT",
            "notNull": false
          },
          {
            "fieldPath": "description",
            "columnName": "description",
            "affinity": "TEXT",
            "notNull": false
          },
          {
            "fieldPath": "imagePath",
            "columnName": "imagePath",
            "affinity": "TEXT",
            "notNull": false
          },
          {
            "fieldPath": "lastWateredDate",
            "columnName": "lastWateredDate",
            "affinity": "INTEGER",
            "notNull": false
          },
          {
            "fieldPath": "wateringIntervalDays",
            "columnName": "wateringIntervalDays",
            "affinity": "INTEGER",
            "notNull": true
          },
          {
            "fieldPath": "notificationTime",
            "columnName": "notificationTime",
            "affinity": "TEXT",
            "notNull": false
          }
        ],
        "primaryKey": {
          "autoGenerate": true,
          "columnNames": [
            "id"
          ]
        },
        "indices": [],
        "foreignKeys": []
      }
    ],
    "views": [],
    "setupQueries": [
      "CREATE TABLE IF NOT EXISTS room_master_table (id INTEGER PRIMARY KEY,identity_hash TEXT)",
      "INSERT OR REPLACE INTO room_master_table (id,identity_hash) VALUES(42, '6b7284c8eadd9e7a0d0855b976c06771')"
    ]
  }
}